{
  "planck_energy": [
    0.008329031988978386,
    0.003373650135472417,
    0.004839558154344559,
    0.006689214147627354,
    0.006493850611150265,
    0.0036210473626852036,
    0.0017040621023625135
  ],
  "sim_mean": [
    0.008358327201895778,
    0.0033888469666043725,
    0.004835872014910241,
    0.006661899866944314,
    0.006478626950406413,
    0.0035987561575970507,
    0.0016607629399290095
  ],
  "sim_std": [
    0.000740955996524245,
    7.818904092490438e-05,
    6.150173988065074e-05,
    5.470160972824854e-05,
    3.897269155651424e-05,
    1.325279510940874e-05,
    3.350159727784551e-06
  ],
  "z_scores": [
    -0.039537048157803574,
    -0.1943601168679286,
    0.059935530953608665,
    0.49933230153068797,
    0.3906237967109908,
    1.6820002802523792,
    12.924506874822244
  ],
  "p_values": [
    0.965,
    0.842,
    0.953,
    0.623,
    0.703,
    0.096
  ]
}